--
-- PostgreSQL database dump
--

-- Dumped from database version 17.4
-- Dumped by pg_dump version 17.4

-- Started on 2025-04-18 16:44:44

SET statement_timeout = 0;
SET lock_timeout = 0;
SET idle_in_transaction_session_timeout = 0;
SET transaction_timeout = 0;
SET client_encoding = 'UTF8';
SET standard_conforming_strings = on;
SELECT pg_catalog.set_config('search_path', '', false);
SET check_function_bodies = false;
SET xmloption = content;
SET client_min_messages = warning;
SET row_security = off;

--
-- TOC entry 5045 (class 1262 OID 24752)
-- Name: traveling_db; Type: DATABASE; Schema: -; Owner: postgres
--

CREATE DATABASE traveling_db WITH TEMPLATE = template0 ENCODING = 'UTF8' LOCALE_PROVIDER = libc LOCALE = 'es-MX';


ALTER DATABASE traveling_db OWNER TO postgres;

\connect traveling_db

SET statement_timeout = 0;
SET lock_timeout = 0;
SET idle_in_transaction_session_timeout = 0;
SET transaction_timeout = 0;
SET client_encoding = 'UTF8';
SET standard_conforming_strings = on;
SELECT pg_catalog.set_config('search_path', '', false);
SET check_function_bodies = false;
SET xmloption = content;
SET client_min_messages = warning;
SET row_security = off;

--
-- TOC entry 4 (class 2615 OID 2200)
-- Name: public; Type: SCHEMA; Schema: -; Owner: pg_database_owner
--

CREATE SCHEMA public;


ALTER SCHEMA public OWNER TO pg_database_owner;

--
-- TOC entry 5046 (class 0 OID 0)
-- Dependencies: 4
-- Name: SCHEMA public; Type: COMMENT; Schema: -; Owner: pg_database_owner
--

COMMENT ON SCHEMA public IS 'standard public schema';


SET default_tablespace = '';

SET default_table_access_method = heap;

--
-- TOC entry 224 (class 1259 OID 24776)
-- Name: auth_group; Type: TABLE; Schema: public; Owner: postgres
--

CREATE TABLE public.auth_group (
    id integer NOT NULL,
    name character varying(150) NOT NULL
);


ALTER TABLE public.auth_group OWNER TO postgres;

--
-- TOC entry 223 (class 1259 OID 24775)
-- Name: auth_group_id_seq; Type: SEQUENCE; Schema: public; Owner: postgres
--

ALTER TABLE public.auth_group ALTER COLUMN id ADD GENERATED BY DEFAULT AS IDENTITY (
    SEQUENCE NAME public.auth_group_id_seq
    START WITH 1
    INCREMENT BY 1
    NO MINVALUE
    NO MAXVALUE
    CACHE 1
);


--
-- TOC entry 226 (class 1259 OID 24784)
-- Name: auth_group_permissions; Type: TABLE; Schema: public; Owner: postgres
--

CREATE TABLE public.auth_group_permissions (
    id bigint NOT NULL,
    group_id integer NOT NULL,
    permission_id integer NOT NULL
);


ALTER TABLE public.auth_group_permissions OWNER TO postgres;

--
-- TOC entry 225 (class 1259 OID 24783)
-- Name: auth_group_permissions_id_seq; Type: SEQUENCE; Schema: public; Owner: postgres
--

ALTER TABLE public.auth_group_permissions ALTER COLUMN id ADD GENERATED BY DEFAULT AS IDENTITY (
    SEQUENCE NAME public.auth_group_permissions_id_seq
    START WITH 1
    INCREMENT BY 1
    NO MINVALUE
    NO MAXVALUE
    CACHE 1
);


--
-- TOC entry 222 (class 1259 OID 24770)
-- Name: auth_permission; Type: TABLE; Schema: public; Owner: postgres
--

CREATE TABLE public.auth_permission (
    id integer NOT NULL,
    name character varying(255) NOT NULL,
    content_type_id integer NOT NULL,
    codename character varying(100) NOT NULL
);


ALTER TABLE public.auth_permission OWNER TO postgres;

--
-- TOC entry 221 (class 1259 OID 24769)
-- Name: auth_permission_id_seq; Type: SEQUENCE; Schema: public; Owner: postgres
--

ALTER TABLE public.auth_permission ALTER COLUMN id ADD GENERATED BY DEFAULT AS IDENTITY (
    SEQUENCE NAME public.auth_permission_id_seq
    START WITH 1
    INCREMENT BY 1
    NO MINVALUE
    NO MAXVALUE
    CACHE 1
);


--
-- TOC entry 228 (class 1259 OID 24790)
-- Name: auth_user; Type: TABLE; Schema: public; Owner: postgres
--

CREATE TABLE public.auth_user (
    id integer NOT NULL,
    password character varying(128) NOT NULL,
    last_login timestamp with time zone,
    is_superuser boolean NOT NULL,
    username character varying(150) NOT NULL,
    first_name character varying(150) NOT NULL,
    last_name character varying(150) NOT NULL,
    email character varying(254) NOT NULL,
    is_staff boolean NOT NULL,
    is_active boolean NOT NULL,
    date_joined timestamp with time zone NOT NULL
);


ALTER TABLE public.auth_user OWNER TO postgres;

--
-- TOC entry 230 (class 1259 OID 24798)
-- Name: auth_user_groups; Type: TABLE; Schema: public; Owner: postgres
--

CREATE TABLE public.auth_user_groups (
    id bigint NOT NULL,
    user_id integer NOT NULL,
    group_id integer NOT NULL
);


ALTER TABLE public.auth_user_groups OWNER TO postgres;

--
-- TOC entry 229 (class 1259 OID 24797)
-- Name: auth_user_groups_id_seq; Type: SEQUENCE; Schema: public; Owner: postgres
--

ALTER TABLE public.auth_user_groups ALTER COLUMN id ADD GENERATED BY DEFAULT AS IDENTITY (
    SEQUENCE NAME public.auth_user_groups_id_seq
    START WITH 1
    INCREMENT BY 1
    NO MINVALUE
    NO MAXVALUE
    CACHE 1
);


--
-- TOC entry 227 (class 1259 OID 24789)
-- Name: auth_user_id_seq; Type: SEQUENCE; Schema: public; Owner: postgres
--

ALTER TABLE public.auth_user ALTER COLUMN id ADD GENERATED BY DEFAULT AS IDENTITY (
    SEQUENCE NAME public.auth_user_id_seq
    START WITH 1
    INCREMENT BY 1
    NO MINVALUE
    NO MAXVALUE
    CACHE 1
);


--
-- TOC entry 232 (class 1259 OID 24804)
-- Name: auth_user_user_permissions; Type: TABLE; Schema: public; Owner: postgres
--

CREATE TABLE public.auth_user_user_permissions (
    id bigint NOT NULL,
    user_id integer NOT NULL,
    permission_id integer NOT NULL
);


ALTER TABLE public.auth_user_user_permissions OWNER TO postgres;

--
-- TOC entry 231 (class 1259 OID 24803)
-- Name: auth_user_user_permissions_id_seq; Type: SEQUENCE; Schema: public; Owner: postgres
--

ALTER TABLE public.auth_user_user_permissions ALTER COLUMN id ADD GENERATED BY DEFAULT AS IDENTITY (
    SEQUENCE NAME public.auth_user_user_permissions_id_seq
    START WITH 1
    INCREMENT BY 1
    NO MINVALUE
    NO MAXVALUE
    CACHE 1
);


--
-- TOC entry 234 (class 1259 OID 24862)
-- Name: django_admin_log; Type: TABLE; Schema: public; Owner: postgres
--

CREATE TABLE public.django_admin_log (
    id integer NOT NULL,
    action_time timestamp with time zone NOT NULL,
    object_id text,
    object_repr character varying(200) NOT NULL,
    action_flag smallint NOT NULL,
    change_message text NOT NULL,
    content_type_id integer,
    user_id integer NOT NULL,
    CONSTRAINT django_admin_log_action_flag_check CHECK ((action_flag >= 0))
);


ALTER TABLE public.django_admin_log OWNER TO postgres;

--
-- TOC entry 233 (class 1259 OID 24861)
-- Name: django_admin_log_id_seq; Type: SEQUENCE; Schema: public; Owner: postgres
--

ALTER TABLE public.django_admin_log ALTER COLUMN id ADD GENERATED BY DEFAULT AS IDENTITY (
    SEQUENCE NAME public.django_admin_log_id_seq
    START WITH 1
    INCREMENT BY 1
    NO MINVALUE
    NO MAXVALUE
    CACHE 1
);


--
-- TOC entry 220 (class 1259 OID 24762)
-- Name: django_content_type; Type: TABLE; Schema: public; Owner: postgres
--

CREATE TABLE public.django_content_type (
    id integer NOT NULL,
    app_label character varying(100) NOT NULL,
    model character varying(100) NOT NULL
);


ALTER TABLE public.django_content_type OWNER TO postgres;

--
-- TOC entry 219 (class 1259 OID 24761)
-- Name: django_content_type_id_seq; Type: SEQUENCE; Schema: public; Owner: postgres
--

ALTER TABLE public.django_content_type ALTER COLUMN id ADD GENERATED BY DEFAULT AS IDENTITY (
    SEQUENCE NAME public.django_content_type_id_seq
    START WITH 1
    INCREMENT BY 1
    NO MINVALUE
    NO MAXVALUE
    CACHE 1
);


--
-- TOC entry 218 (class 1259 OID 24754)
-- Name: django_migrations; Type: TABLE; Schema: public; Owner: postgres
--

CREATE TABLE public.django_migrations (
    id bigint NOT NULL,
    app character varying(255) NOT NULL,
    name character varying(255) NOT NULL,
    applied timestamp with time zone NOT NULL
);


ALTER TABLE public.django_migrations OWNER TO postgres;

--
-- TOC entry 217 (class 1259 OID 24753)
-- Name: django_migrations_id_seq; Type: SEQUENCE; Schema: public; Owner: postgres
--

ALTER TABLE public.django_migrations ALTER COLUMN id ADD GENERATED BY DEFAULT AS IDENTITY (
    SEQUENCE NAME public.django_migrations_id_seq
    START WITH 1
    INCREMENT BY 1
    NO MINVALUE
    NO MAXVALUE
    CACHE 1
);


--
-- TOC entry 235 (class 1259 OID 24890)
-- Name: django_session; Type: TABLE; Schema: public; Owner: postgres
--

CREATE TABLE public.django_session (
    session_key character varying(40) NOT NULL,
    session_data text NOT NULL,
    expire_date timestamp with time zone NOT NULL
);


ALTER TABLE public.django_session OWNER TO postgres;

--
-- TOC entry 237 (class 1259 OID 33104)
-- Name: users_destino; Type: TABLE; Schema: public; Owner: postgres
--

CREATE TABLE public.users_destino (
    id bigint NOT NULL,
    nombre character varying(100) NOT NULL,
    pais character varying(100) NOT NULL,
    descripcion text NOT NULL,
    imagen character varying(200) NOT NULL,
    enlace character varying(200),
    precio numeric(10,2) NOT NULL
);


ALTER TABLE public.users_destino OWNER TO postgres;

--
-- TOC entry 236 (class 1259 OID 33103)
-- Name: users_destino_id_seq; Type: SEQUENCE; Schema: public; Owner: postgres
--

ALTER TABLE public.users_destino ALTER COLUMN id ADD GENERATED BY DEFAULT AS IDENTITY (
    SEQUENCE NAME public.users_destino_id_seq
    START WITH 1
    INCREMENT BY 1
    NO MINVALUE
    NO MAXVALUE
    CACHE 1
);


--
-- TOC entry 241 (class 1259 OID 33120)
-- Name: users_profile; Type: TABLE; Schema: public; Owner: postgres
--

CREATE TABLE public.users_profile (
    id bigint NOT NULL,
    country character varying(100) NOT NULL,
    city character varying(100) NOT NULL,
    gender character varying(20) NOT NULL,
    user_id integer NOT NULL,
    birthdate date,
    document_number character varying(20),
    phone character varying(20),
    profile_picture character varying(100),
    image character varying(100) NOT NULL
);


ALTER TABLE public.users_profile OWNER TO postgres;

--
-- TOC entry 240 (class 1259 OID 33119)
-- Name: users_profile_id_seq; Type: SEQUENCE; Schema: public; Owner: postgres
--

ALTER TABLE public.users_profile ALTER COLUMN id ADD GENERATED BY DEFAULT AS IDENTITY (
    SEQUENCE NAME public.users_profile_id_seq
    START WITH 1
    INCREMENT BY 1
    NO MINVALUE
    NO MAXVALUE
    CACHE 1
);


--
-- TOC entry 239 (class 1259 OID 33112)
-- Name: users_reseña; Type: TABLE; Schema: public; Owner: postgres
--

CREATE TABLE public."users_reseña" (
    id bigint NOT NULL,
    nombre character varying(100) NOT NULL,
    correo character varying(254) NOT NULL,
    destino character varying(100) NOT NULL,
    comentario text NOT NULL,
    fecha timestamp with time zone NOT NULL
);


ALTER TABLE public."users_reseña" OWNER TO postgres;

--
-- TOC entry 238 (class 1259 OID 33111)
-- Name: users_reseña_id_seq; Type: SEQUENCE; Schema: public; Owner: postgres
--

ALTER TABLE public."users_reseña" ALTER COLUMN id ADD GENERATED BY DEFAULT AS IDENTITY (
    SEQUENCE NAME public."users_reseña_id_seq"
    START WITH 1
    INCREMENT BY 1
    NO MINVALUE
    NO MAXVALUE
    CACHE 1
);


--
-- TOC entry 5022 (class 0 OID 24776)
-- Dependencies: 224
-- Data for Name: auth_group; Type: TABLE DATA; Schema: public; Owner: postgres
--



--
-- TOC entry 5024 (class 0 OID 24784)
-- Dependencies: 226
-- Data for Name: auth_group_permissions; Type: TABLE DATA; Schema: public; Owner: postgres
--



--
-- TOC entry 5020 (class 0 OID 24770)
-- Dependencies: 222
-- Data for Name: auth_permission; Type: TABLE DATA; Schema: public; Owner: postgres
--

INSERT INTO public.auth_permission (id, name, content_type_id, codename) VALUES (1, 'Can add log entry', 1, 'add_logentry');
INSERT INTO public.auth_permission (id, name, content_type_id, codename) VALUES (2, 'Can change log entry', 1, 'change_logentry');
INSERT INTO public.auth_permission (id, name, content_type_id, codename) VALUES (3, 'Can delete log entry', 1, 'delete_logentry');
INSERT INTO public.auth_permission (id, name, content_type_id, codename) VALUES (4, 'Can view log entry', 1, 'view_logentry');
INSERT INTO public.auth_permission (id, name, content_type_id, codename) VALUES (5, 'Can add permission', 2, 'add_permission');
INSERT INTO public.auth_permission (id, name, content_type_id, codename) VALUES (6, 'Can change permission', 2, 'change_permission');
INSERT INTO public.auth_permission (id, name, content_type_id, codename) VALUES (7, 'Can delete permission', 2, 'delete_permission');
INSERT INTO public.auth_permission (id, name, content_type_id, codename) VALUES (8, 'Can view permission', 2, 'view_permission');
INSERT INTO public.auth_permission (id, name, content_type_id, codename) VALUES (9, 'Can add group', 3, 'add_group');
INSERT INTO public.auth_permission (id, name, content_type_id, codename) VALUES (10, 'Can change group', 3, 'change_group');
INSERT INTO public.auth_permission (id, name, content_type_id, codename) VALUES (11, 'Can delete group', 3, 'delete_group');
INSERT INTO public.auth_permission (id, name, content_type_id, codename) VALUES (12, 'Can view group', 3, 'view_group');
INSERT INTO public.auth_permission (id, name, content_type_id, codename) VALUES (13, 'Can add user', 4, 'add_user');
INSERT INTO public.auth_permission (id, name, content_type_id, codename) VALUES (14, 'Can change user', 4, 'change_user');
INSERT INTO public.auth_permission (id, name, content_type_id, codename) VALUES (15, 'Can delete user', 4, 'delete_user');
INSERT INTO public.auth_permission (id, name, content_type_id, codename) VALUES (16, 'Can view user', 4, 'view_user');
INSERT INTO public.auth_permission (id, name, content_type_id, codename) VALUES (17, 'Can add content type', 5, 'add_contenttype');
INSERT INTO public.auth_permission (id, name, content_type_id, codename) VALUES (18, 'Can change content type', 5, 'change_contenttype');
INSERT INTO public.auth_permission (id, name, content_type_id, codename) VALUES (19, 'Can delete content type', 5, 'delete_contenttype');
INSERT INTO public.auth_permission (id, name, content_type_id, codename) VALUES (20, 'Can view content type', 5, 'view_contenttype');
INSERT INTO public.auth_permission (id, name, content_type_id, codename) VALUES (21, 'Can add session', 6, 'add_session');
INSERT INTO public.auth_permission (id, name, content_type_id, codename) VALUES (22, 'Can change session', 6, 'change_session');
INSERT INTO public.auth_permission (id, name, content_type_id, codename) VALUES (23, 'Can delete session', 6, 'delete_session');
INSERT INTO public.auth_permission (id, name, content_type_id, codename) VALUES (24, 'Can view session', 6, 'view_session');
INSERT INTO public.auth_permission (id, name, content_type_id, codename) VALUES (25, 'Can add destino', 7, 'add_destino');
INSERT INTO public.auth_permission (id, name, content_type_id, codename) VALUES (26, 'Can change destino', 7, 'change_destino');
INSERT INTO public.auth_permission (id, name, content_type_id, codename) VALUES (27, 'Can delete destino', 7, 'delete_destino');
INSERT INTO public.auth_permission (id, name, content_type_id, codename) VALUES (28, 'Can view destino', 7, 'view_destino');
INSERT INTO public.auth_permission (id, name, content_type_id, codename) VALUES (29, 'Can add reseña', 8, 'add_reseña');
INSERT INTO public.auth_permission (id, name, content_type_id, codename) VALUES (30, 'Can change reseña', 8, 'change_reseña');
INSERT INTO public.auth_permission (id, name, content_type_id, codename) VALUES (31, 'Can delete reseña', 8, 'delete_reseña');
INSERT INTO public.auth_permission (id, name, content_type_id, codename) VALUES (32, 'Can view reseña', 8, 'view_reseña');
INSERT INTO public.auth_permission (id, name, content_type_id, codename) VALUES (33, 'Can add profile', 9, 'add_profile');
INSERT INTO public.auth_permission (id, name, content_type_id, codename) VALUES (34, 'Can change profile', 9, 'change_profile');
INSERT INTO public.auth_permission (id, name, content_type_id, codename) VALUES (35, 'Can delete profile', 9, 'delete_profile');
INSERT INTO public.auth_permission (id, name, content_type_id, codename) VALUES (36, 'Can view profile', 9, 'view_profile');


--
-- TOC entry 5026 (class 0 OID 24790)
-- Dependencies: 228
-- Data for Name: auth_user; Type: TABLE DATA; Schema: public; Owner: postgres
--

INSERT INTO public.auth_user (id, password, last_login, is_superuser, username, first_name, last_name, email, is_staff, is_active, date_joined) VALUES (4, 'pbkdf2_sha256$870000$5Dy5mMBiZA8f97kga5YUBH$ZV5LykaLlJ3uusiqgcTCV9VYYbKaWVRJ1ODjrPeybWs=', '2025-04-18 15:29:39.321644-05', false, 'nata', 'Natalia', '', 'nata@gmail.com', false, true, '2025-04-17 22:52:40.097161-05');
INSERT INTO public.auth_user (id, password, last_login, is_superuser, username, first_name, last_name, email, is_staff, is_active, date_joined) VALUES (5, 'pbkdf2_sha256$870000$qzBxeQIIQ43fVvnHyZc6ul$wDqGcfPcB9FiIDMaTbXubGHYgKeUmotoDed2s2mNMe0=', NULL, false, 'juans', 'Juan sebastian ardila', '', 'juans@gmail.com', false, true, '2025-04-18 15:59:22.809051-05');
INSERT INTO public.auth_user (id, password, last_login, is_superuser, username, first_name, last_name, email, is_staff, is_active, date_joined) VALUES (1, 'pbkdf2_sha256$870000$eATB8a8z3yBt9bljQYldKd$BeqntwijABQTkOWtSN2vS44tyoW/yHAsRkTxgv2Xw4g=', '2025-04-18 16:05:43.563379-05', true, 'root', '', '', 'rodriguezm.michaelfernando@gmail.com', true, true, '2025-03-27 15:39:46.55486-05');
INSERT INTO public.auth_user (id, password, last_login, is_superuser, username, first_name, last_name, email, is_staff, is_active, date_joined) VALUES (3, 'pbkdf2_sha256$870000$gThUF7qiQAQHQKTLBODjBV$h2diAVtJ8wtNuLyjgnrAUkdtu9UTk1Dh0ybivbgunOE=', '2025-04-18 14:53:28.341243-05', false, 'mc.maicfer', '', '', 'mc.maicfer@gmail.com', false, true, '2025-04-17 22:41:46-05');


--
-- TOC entry 5028 (class 0 OID 24798)
-- Dependencies: 230
-- Data for Name: auth_user_groups; Type: TABLE DATA; Schema: public; Owner: postgres
--



--
-- TOC entry 5030 (class 0 OID 24804)
-- Dependencies: 232
-- Data for Name: auth_user_user_permissions; Type: TABLE DATA; Schema: public; Owner: postgres
--



--
-- TOC entry 5032 (class 0 OID 24862)
-- Dependencies: 234
-- Data for Name: django_admin_log; Type: TABLE DATA; Schema: public; Owner: postgres
--

INSERT INTO public.django_admin_log (id, action_time, object_id, object_repr, action_flag, change_message, content_type_id, user_id) VALUES (1, '2025-04-03 21:36:03.79888-05', '2', 'Prueba', 1, '[{"added": {}}]', 4, 1);
INSERT INTO public.django_admin_log (id, action_time, object_id, object_repr, action_flag, change_message, content_type_id, user_id) VALUES (2, '2025-04-15 16:57:20.668555-05', '2', 'Prueba', 2, '[{"changed": {"fields": ["Email address"]}}]', 4, 1);
INSERT INTO public.django_admin_log (id, action_time, object_id, object_repr, action_flag, change_message, content_type_id, user_id) VALUES (3, '2025-04-17 22:49:38.140651-05', '3', 'mc.maicfer', 2, '[{"changed": {"fields": ["password"]}}]', 4, 1);
INSERT INTO public.django_admin_log (id, action_time, object_id, object_repr, action_flag, change_message, content_type_id, user_id) VALUES (4, '2025-04-17 22:49:44.859931-05', '3', 'mc.maicfer', 2, '[]', 4, 1);
INSERT INTO public.django_admin_log (id, action_time, object_id, object_repr, action_flag, change_message, content_type_id, user_id) VALUES (5, '2025-04-18 16:06:22.836376-05', '2', 'Prueba', 3, '', 4, 1);
INSERT INTO public.django_admin_log (id, action_time, object_id, object_repr, action_flag, change_message, content_type_id, user_id) VALUES (6, '2025-04-18 16:06:40.458661-05', '6', 'perez1', 3, '', 4, 1);


--
-- TOC entry 5018 (class 0 OID 24762)
-- Dependencies: 220
-- Data for Name: django_content_type; Type: TABLE DATA; Schema: public; Owner: postgres
--

INSERT INTO public.django_content_type (id, app_label, model) VALUES (1, 'admin', 'logentry');
INSERT INTO public.django_content_type (id, app_label, model) VALUES (2, 'auth', 'permission');
INSERT INTO public.django_content_type (id, app_label, model) VALUES (3, 'auth', 'group');
INSERT INTO public.django_content_type (id, app_label, model) VALUES (4, 'auth', 'user');
INSERT INTO public.django_content_type (id, app_label, model) VALUES (5, 'contenttypes', 'contenttype');
INSERT INTO public.django_content_type (id, app_label, model) VALUES (6, 'sessions', 'session');
INSERT INTO public.django_content_type (id, app_label, model) VALUES (7, 'users', 'destino');
INSERT INTO public.django_content_type (id, app_label, model) VALUES (8, 'users', 'reseña');
INSERT INTO public.django_content_type (id, app_label, model) VALUES (9, 'users', 'profile');


--
-- TOC entry 5016 (class 0 OID 24754)
-- Dependencies: 218
-- Data for Name: django_migrations; Type: TABLE DATA; Schema: public; Owner: postgres
--

INSERT INTO public.django_migrations (id, app, name, applied) VALUES (1, 'contenttypes', '0001_initial', '2025-03-27 01:56:05.715656-05');
INSERT INTO public.django_migrations (id, app, name, applied) VALUES (2, 'auth', '0001_initial', '2025-03-27 01:56:05.796608-05');
INSERT INTO public.django_migrations (id, app, name, applied) VALUES (3, 'admin', '0001_initial', '2025-03-27 01:56:05.816957-05');
INSERT INTO public.django_migrations (id, app, name, applied) VALUES (4, 'admin', '0002_logentry_remove_auto_add', '2025-03-27 01:56:05.821954-05');
INSERT INTO public.django_migrations (id, app, name, applied) VALUES (5, 'admin', '0003_logentry_add_action_flag_choices', '2025-03-27 01:56:05.828997-05');
INSERT INTO public.django_migrations (id, app, name, applied) VALUES (6, 'contenttypes', '0002_remove_content_type_name', '2025-03-27 01:56:05.84277-05');
INSERT INTO public.django_migrations (id, app, name, applied) VALUES (7, 'auth', '0002_alter_permission_name_max_length', '2025-03-27 01:56:05.848712-05');
INSERT INTO public.django_migrations (id, app, name, applied) VALUES (8, 'auth', '0003_alter_user_email_max_length', '2025-03-27 01:56:05.854836-05');
INSERT INTO public.django_migrations (id, app, name, applied) VALUES (9, 'auth', '0004_alter_user_username_opts', '2025-03-27 01:56:05.859804-05');
INSERT INTO public.django_migrations (id, app, name, applied) VALUES (10, 'auth', '0005_alter_user_last_login_null', '2025-03-27 01:56:05.86497-05');
INSERT INTO public.django_migrations (id, app, name, applied) VALUES (11, 'auth', '0006_require_contenttypes_0002', '2025-03-27 01:56:05.86701-05');
INSERT INTO public.django_migrations (id, app, name, applied) VALUES (12, 'auth', '0007_alter_validators_add_error_messages', '2025-03-27 01:56:05.872024-05');
INSERT INTO public.django_migrations (id, app, name, applied) VALUES (13, 'auth', '0008_alter_user_username_max_length', '2025-03-27 01:56:05.884019-05');
INSERT INTO public.django_migrations (id, app, name, applied) VALUES (14, 'auth', '0009_alter_user_last_name_max_length', '2025-03-27 01:56:05.891062-05');
INSERT INTO public.django_migrations (id, app, name, applied) VALUES (15, 'auth', '0010_alter_group_name_max_length', '2025-03-27 01:56:05.897321-05');
INSERT INTO public.django_migrations (id, app, name, applied) VALUES (16, 'auth', '0011_update_proxy_permissions', '2025-03-27 01:56:05.903441-05');
INSERT INTO public.django_migrations (id, app, name, applied) VALUES (17, 'auth', '0012_alter_user_first_name_max_length', '2025-03-27 01:56:05.908846-05');
INSERT INTO public.django_migrations (id, app, name, applied) VALUES (18, 'sessions', '0001_initial', '2025-03-27 01:56:05.91825-05');
INSERT INTO public.django_migrations (id, app, name, applied) VALUES (20, 'users', '0001_initial', '2025-04-15 15:46:51.824581-05');
INSERT INTO public.django_migrations (id, app, name, applied) VALUES (21, 'users', '0002_alter_destino_imagen', '2025-04-16 12:44:43.71868-05');
INSERT INTO public.django_migrations (id, app, name, applied) VALUES (22, 'users', '0003_reseña', '2025-04-16 23:57:02.636048-05');
INSERT INTO public.django_migrations (id, app, name, applied) VALUES (23, 'users', '0004_profile', '2025-04-17 20:57:18.647399-05');
INSERT INTO public.django_migrations (id, app, name, applied) VALUES (24, 'users', '0005_rename_ciudad_profile_city_and_more', '2025-04-17 21:56:44.374999-05');
INSERT INTO public.django_migrations (id, app, name, applied) VALUES (25, 'users', '0006_alter_destino_imagen', '2025-04-18 00:25:58.613696-05');
INSERT INTO public.django_migrations (id, app, name, applied) VALUES (26, 'users', '0007_profile_image', '2025-04-18 14:29:41.148815-05');


--
-- TOC entry 5033 (class 0 OID 24890)
-- Dependencies: 235
-- Data for Name: django_session; Type: TABLE DATA; Schema: public; Owner: postgres
--



--
-- TOC entry 5035 (class 0 OID 33104)
-- Dependencies: 237
-- Data for Name: users_destino; Type: TABLE DATA; Schema: public; Owner: postgres
--

INSERT INTO public.users_destino (id, nombre, pais, descripcion, imagen, enlace, precio) VALUES (11, 'Miami', 'Estados Unidos', 'Playas vibrantes, vida nocturna activa y clima tropical.', 'https://www.miamiandbeaches.com/getmedia/f35e8173-0df2-4bed-86dc-727805570021/Miami-Aerial-Photos-Golden-Dusk-Photography-1440x900.jpg?width=1000&resizemode=force
', NULL, 1500.00);
INSERT INTO public.users_destino (id, nombre, pais, descripcion, imagen, enlace, precio) VALUES (12, 'Medellín', 'Colombia', 'Ciudad de la eterna primavera, innovación y cultura.', 'https://locationcolombia.com/wp-content/uploads/2022/04/MEDELLIN-Panoramicas-noche-SEC-CULTURA-MED-2007-1-1-2048x1328.jpg', NULL, 800.00);
INSERT INTO public.users_destino (id, nombre, pais, descripcion, imagen, enlace, precio) VALUES (13, 'San Andrés', 'Colombia', 'Isla caribeña con mar de siete colores y playas paradisíacas.', 'https://upload.wikimedia.org/wikipedia/commons/thumb/4/43/Panor%C3%A1mica_de_San_Andres.JPG/1280px-Panor%C3%A1mica_de_San_Andres.JPG', NULL, 1200.00);
INSERT INTO public.users_destino (id, nombre, pais, descripcion, imagen, enlace, precio) VALUES (14, 'Madrid', 'España', 'Capital vibrante llena de arte, historia y gastronomía.', 'https://madridando.com/wp-content/uploads/2018/10/plaza-de-cibeles.jpeg', NULL, 1800.00);
INSERT INTO public.users_destino (id, nombre, pais, descripcion, imagen, enlace, precio) VALUES (15, 'París', 'Francia', 'La ciudad del amor, llena de monumentos icónicos y cultura.', 'https://www.viajarafrancia.com/wp-content/uploads/2016/04/Paris-760x500.jpg', NULL, 2000.00);
INSERT INTO public.users_destino (id, nombre, pais, descripcion, imagen, enlace, precio) VALUES (16, 'Roma', 'Italia', 'Todos los caminos conducen a roma!, Cultura e historia.', 'https://res.cloudinary.com/dtljonz0f/image/upload/c_auto,ar_4:3,w_1920,g_auto/f_auto/q_auto/v1/gc-v1/rome-and-vatican-pass/vatican_at_night_1440x450_fo1vbm?_a=BAVAZGDX0', NULL, 2200.00);


--
-- TOC entry 5039 (class 0 OID 33120)
-- Dependencies: 241
-- Data for Name: users_profile; Type: TABLE DATA; Schema: public; Owner: postgres
--

INSERT INTO public.users_profile (id, country, city, gender, user_id, birthdate, document_number, phone, profile_picture, image) VALUES (1, 'Colombia', 'BOGOTA', 'Femenino', 4, '2000-04-04', '10234564', '3212565685', '', 'default.jpg');
INSERT INTO public.users_profile (id, country, city, gender, user_id, birthdate, document_number, phone, profile_picture, image) VALUES (2, 'Colombia', 'BOGOTA', 'Masculino', 5, '1965-01-04', '1023456789', '3212569876', '', 'default.jpg');


--
-- TOC entry 5037 (class 0 OID 33112)
-- Dependencies: 239
-- Data for Name: users_reseña; Type: TABLE DATA; Schema: public; Owner: postgres
--



--
-- TOC entry 5047 (class 0 OID 0)
-- Dependencies: 223
-- Name: auth_group_id_seq; Type: SEQUENCE SET; Schema: public; Owner: postgres
--

SELECT pg_catalog.setval('public.auth_group_id_seq', 1, false);


--
-- TOC entry 5048 (class 0 OID 0)
-- Dependencies: 225
-- Name: auth_group_permissions_id_seq; Type: SEQUENCE SET; Schema: public; Owner: postgres
--

SELECT pg_catalog.setval('public.auth_group_permissions_id_seq', 1, false);


--
-- TOC entry 5049 (class 0 OID 0)
-- Dependencies: 221
-- Name: auth_permission_id_seq; Type: SEQUENCE SET; Schema: public; Owner: postgres
--

SELECT pg_catalog.setval('public.auth_permission_id_seq', 36, true);


--
-- TOC entry 5050 (class 0 OID 0)
-- Dependencies: 229
-- Name: auth_user_groups_id_seq; Type: SEQUENCE SET; Schema: public; Owner: postgres
--

SELECT pg_catalog.setval('public.auth_user_groups_id_seq', 1, false);


--
-- TOC entry 5051 (class 0 OID 0)
-- Dependencies: 227
-- Name: auth_user_id_seq; Type: SEQUENCE SET; Schema: public; Owner: postgres
--

SELECT pg_catalog.setval('public.auth_user_id_seq', 6, true);


--
-- TOC entry 5052 (class 0 OID 0)
-- Dependencies: 231
-- Name: auth_user_user_permissions_id_seq; Type: SEQUENCE SET; Schema: public; Owner: postgres
--

SELECT pg_catalog.setval('public.auth_user_user_permissions_id_seq', 1, false);


--
-- TOC entry 5053 (class 0 OID 0)
-- Dependencies: 233
-- Name: django_admin_log_id_seq; Type: SEQUENCE SET; Schema: public; Owner: postgres
--

SELECT pg_catalog.setval('public.django_admin_log_id_seq', 6, true);


--
-- TOC entry 5054 (class 0 OID 0)
-- Dependencies: 219
-- Name: django_content_type_id_seq; Type: SEQUENCE SET; Schema: public; Owner: postgres
--

SELECT pg_catalog.setval('public.django_content_type_id_seq', 9, true);


--
-- TOC entry 5055 (class 0 OID 0)
-- Dependencies: 217
-- Name: django_migrations_id_seq; Type: SEQUENCE SET; Schema: public; Owner: postgres
--

SELECT pg_catalog.setval('public.django_migrations_id_seq', 26, true);


--
-- TOC entry 5056 (class 0 OID 0)
-- Dependencies: 236
-- Name: users_destino_id_seq; Type: SEQUENCE SET; Schema: public; Owner: postgres
--

SELECT pg_catalog.setval('public.users_destino_id_seq', 15, true);


--
-- TOC entry 5057 (class 0 OID 0)
-- Dependencies: 240
-- Name: users_profile_id_seq; Type: SEQUENCE SET; Schema: public; Owner: postgres
--

SELECT pg_catalog.setval('public.users_profile_id_seq', 3, true);


--
-- TOC entry 5058 (class 0 OID 0)
-- Dependencies: 238
-- Name: users_reseña_id_seq; Type: SEQUENCE SET; Schema: public; Owner: postgres
--

SELECT pg_catalog.setval('public."users_reseña_id_seq"', 1, false);


--
-- TOC entry 4815 (class 2606 OID 24888)
-- Name: auth_group auth_group_name_key; Type: CONSTRAINT; Schema: public; Owner: postgres
--

ALTER TABLE ONLY public.auth_group
    ADD CONSTRAINT auth_group_name_key UNIQUE (name);


--
-- TOC entry 4820 (class 2606 OID 24819)
-- Name: auth_group_permissions auth_group_permissions_group_id_permission_id_0cd325b0_uniq; Type: CONSTRAINT; Schema: public; Owner: postgres
--

ALTER TABLE ONLY public.auth_group_permissions
    ADD CONSTRAINT auth_group_permissions_group_id_permission_id_0cd325b0_uniq UNIQUE (group_id, permission_id);


--
-- TOC entry 4823 (class 2606 OID 24788)
-- Name: auth_group_permissions auth_group_permissions_pkey; Type: CONSTRAINT; Schema: public; Owner: postgres
--

ALTER TABLE ONLY public.auth_group_permissions
    ADD CONSTRAINT auth_group_permissions_pkey PRIMARY KEY (id);


--
-- TOC entry 4817 (class 2606 OID 24780)
-- Name: auth_group auth_group_pkey; Type: CONSTRAINT; Schema: public; Owner: postgres
--

ALTER TABLE ONLY public.auth_group
    ADD CONSTRAINT auth_group_pkey PRIMARY KEY (id);


--
-- TOC entry 4810 (class 2606 OID 24810)
-- Name: auth_permission auth_permission_content_type_id_codename_01ab375a_uniq; Type: CONSTRAINT; Schema: public; Owner: postgres
--

ALTER TABLE ONLY public.auth_permission
    ADD CONSTRAINT auth_permission_content_type_id_codename_01ab375a_uniq UNIQUE (content_type_id, codename);


--
-- TOC entry 4812 (class 2606 OID 24774)
-- Name: auth_permission auth_permission_pkey; Type: CONSTRAINT; Schema: public; Owner: postgres
--

ALTER TABLE ONLY public.auth_permission
    ADD CONSTRAINT auth_permission_pkey PRIMARY KEY (id);


--
-- TOC entry 4831 (class 2606 OID 24802)
-- Name: auth_user_groups auth_user_groups_pkey; Type: CONSTRAINT; Schema: public; Owner: postgres
--

ALTER TABLE ONLY public.auth_user_groups
    ADD CONSTRAINT auth_user_groups_pkey PRIMARY KEY (id);


--
-- TOC entry 4834 (class 2606 OID 24834)
-- Name: auth_user_groups auth_user_groups_user_id_group_id_94350c0c_uniq; Type: CONSTRAINT; Schema: public; Owner: postgres
--

ALTER TABLE ONLY public.auth_user_groups
    ADD CONSTRAINT auth_user_groups_user_id_group_id_94350c0c_uniq UNIQUE (user_id, group_id);


--
-- TOC entry 4825 (class 2606 OID 24794)
-- Name: auth_user auth_user_pkey; Type: CONSTRAINT; Schema: public; Owner: postgres
--

ALTER TABLE ONLY public.auth_user
    ADD CONSTRAINT auth_user_pkey PRIMARY KEY (id);


--
-- TOC entry 4837 (class 2606 OID 24808)
-- Name: auth_user_user_permissions auth_user_user_permissions_pkey; Type: CONSTRAINT; Schema: public; Owner: postgres
--

ALTER TABLE ONLY public.auth_user_user_permissions
    ADD CONSTRAINT auth_user_user_permissions_pkey PRIMARY KEY (id);


--
-- TOC entry 4840 (class 2606 OID 24848)
-- Name: auth_user_user_permissions auth_user_user_permissions_user_id_permission_id_14a6b632_uniq; Type: CONSTRAINT; Schema: public; Owner: postgres
--

ALTER TABLE ONLY public.auth_user_user_permissions
    ADD CONSTRAINT auth_user_user_permissions_user_id_permission_id_14a6b632_uniq UNIQUE (user_id, permission_id);


--
-- TOC entry 4828 (class 2606 OID 24883)
-- Name: auth_user auth_user_username_key; Type: CONSTRAINT; Schema: public; Owner: postgres
--

ALTER TABLE ONLY public.auth_user
    ADD CONSTRAINT auth_user_username_key UNIQUE (username);


--
-- TOC entry 4843 (class 2606 OID 24869)
-- Name: django_admin_log django_admin_log_pkey; Type: CONSTRAINT; Schema: public; Owner: postgres
--

ALTER TABLE ONLY public.django_admin_log
    ADD CONSTRAINT django_admin_log_pkey PRIMARY KEY (id);


--
-- TOC entry 4805 (class 2606 OID 24768)
-- Name: django_content_type django_content_type_app_label_model_76bd3d3b_uniq; Type: CONSTRAINT; Schema: public; Owner: postgres
--

ALTER TABLE ONLY public.django_content_type
    ADD CONSTRAINT django_content_type_app_label_model_76bd3d3b_uniq UNIQUE (app_label, model);


--
-- TOC entry 4807 (class 2606 OID 24766)
-- Name: django_content_type django_content_type_pkey; Type: CONSTRAINT; Schema: public; Owner: postgres
--

ALTER TABLE ONLY public.django_content_type
    ADD CONSTRAINT django_content_type_pkey PRIMARY KEY (id);


--
-- TOC entry 4803 (class 2606 OID 24760)
-- Name: django_migrations django_migrations_pkey; Type: CONSTRAINT; Schema: public; Owner: postgres
--

ALTER TABLE ONLY public.django_migrations
    ADD CONSTRAINT django_migrations_pkey PRIMARY KEY (id);


--
-- TOC entry 4847 (class 2606 OID 24896)
-- Name: django_session django_session_pkey; Type: CONSTRAINT; Schema: public; Owner: postgres
--

ALTER TABLE ONLY public.django_session
    ADD CONSTRAINT django_session_pkey PRIMARY KEY (session_key);


--
-- TOC entry 4850 (class 2606 OID 33110)
-- Name: users_destino users_destino_pkey; Type: CONSTRAINT; Schema: public; Owner: postgres
--

ALTER TABLE ONLY public.users_destino
    ADD CONSTRAINT users_destino_pkey PRIMARY KEY (id);


--
-- TOC entry 4855 (class 2606 OID 33133)
-- Name: users_profile users_profile_document_number_key; Type: CONSTRAINT; Schema: public; Owner: postgres
--

ALTER TABLE ONLY public.users_profile
    ADD CONSTRAINT users_profile_document_number_key UNIQUE (document_number);


--
-- TOC entry 4857 (class 2606 OID 33124)
-- Name: users_profile users_profile_pkey; Type: CONSTRAINT; Schema: public; Owner: postgres
--

ALTER TABLE ONLY public.users_profile
    ADD CONSTRAINT users_profile_pkey PRIMARY KEY (id);


--
-- TOC entry 4859 (class 2606 OID 33126)
-- Name: users_profile users_profile_user_id_key; Type: CONSTRAINT; Schema: public; Owner: postgres
--

ALTER TABLE ONLY public.users_profile
    ADD CONSTRAINT users_profile_user_id_key UNIQUE (user_id);


--
-- TOC entry 4852 (class 2606 OID 33118)
-- Name: users_reseña users_reseña_pkey; Type: CONSTRAINT; Schema: public; Owner: postgres
--

ALTER TABLE ONLY public."users_reseña"
    ADD CONSTRAINT "users_reseña_pkey" PRIMARY KEY (id);


--
-- TOC entry 4813 (class 1259 OID 24889)
-- Name: auth_group_name_a6ea08ec_like; Type: INDEX; Schema: public; Owner: postgres
--

CREATE INDEX auth_group_name_a6ea08ec_like ON public.auth_group USING btree (name varchar_pattern_ops);


--
-- TOC entry 4818 (class 1259 OID 24830)
-- Name: auth_group_permissions_group_id_b120cbf9; Type: INDEX; Schema: public; Owner: postgres
--

CREATE INDEX auth_group_permissions_group_id_b120cbf9 ON public.auth_group_permissions USING btree (group_id);


--
-- TOC entry 4821 (class 1259 OID 24831)
-- Name: auth_group_permissions_permission_id_84c5c92e; Type: INDEX; Schema: public; Owner: postgres
--

CREATE INDEX auth_group_permissions_permission_id_84c5c92e ON public.auth_group_permissions USING btree (permission_id);


--
-- TOC entry 4808 (class 1259 OID 24816)
-- Name: auth_permission_content_type_id_2f476e4b; Type: INDEX; Schema: public; Owner: postgres
--

CREATE INDEX auth_permission_content_type_id_2f476e4b ON public.auth_permission USING btree (content_type_id);


--
-- TOC entry 4829 (class 1259 OID 24846)
-- Name: auth_user_groups_group_id_97559544; Type: INDEX; Schema: public; Owner: postgres
--

CREATE INDEX auth_user_groups_group_id_97559544 ON public.auth_user_groups USING btree (group_id);


--
-- TOC entry 4832 (class 1259 OID 24845)
-- Name: auth_user_groups_user_id_6a12ed8b; Type: INDEX; Schema: public; Owner: postgres
--

CREATE INDEX auth_user_groups_user_id_6a12ed8b ON public.auth_user_groups USING btree (user_id);


--
-- TOC entry 4835 (class 1259 OID 24860)
-- Name: auth_user_user_permissions_permission_id_1fbb5f2c; Type: INDEX; Schema: public; Owner: postgres
--

CREATE INDEX auth_user_user_permissions_permission_id_1fbb5f2c ON public.auth_user_user_permissions USING btree (permission_id);


--
-- TOC entry 4838 (class 1259 OID 24859)
-- Name: auth_user_user_permissions_user_id_a95ead1b; Type: INDEX; Schema: public; Owner: postgres
--

CREATE INDEX auth_user_user_permissions_user_id_a95ead1b ON public.auth_user_user_permissions USING btree (user_id);


--
-- TOC entry 4826 (class 1259 OID 24884)
-- Name: auth_user_username_6821ab7c_like; Type: INDEX; Schema: public; Owner: postgres
--

CREATE INDEX auth_user_username_6821ab7c_like ON public.auth_user USING btree (username varchar_pattern_ops);


--
-- TOC entry 4841 (class 1259 OID 24880)
-- Name: django_admin_log_content_type_id_c4bce8eb; Type: INDEX; Schema: public; Owner: postgres
--

CREATE INDEX django_admin_log_content_type_id_c4bce8eb ON public.django_admin_log USING btree (content_type_id);


--
-- TOC entry 4844 (class 1259 OID 24881)
-- Name: django_admin_log_user_id_c564eba6; Type: INDEX; Schema: public; Owner: postgres
--

CREATE INDEX django_admin_log_user_id_c564eba6 ON public.django_admin_log USING btree (user_id);


--
-- TOC entry 4845 (class 1259 OID 24898)
-- Name: django_session_expire_date_a5c62663; Type: INDEX; Schema: public; Owner: postgres
--

CREATE INDEX django_session_expire_date_a5c62663 ON public.django_session USING btree (expire_date);


--
-- TOC entry 4848 (class 1259 OID 24897)
-- Name: django_session_session_key_c0390e0f_like; Type: INDEX; Schema: public; Owner: postgres
--

CREATE INDEX django_session_session_key_c0390e0f_like ON public.django_session USING btree (session_key varchar_pattern_ops);


--
-- TOC entry 4853 (class 1259 OID 33134)
-- Name: users_profile_document_number_2c985ffd_like; Type: INDEX; Schema: public; Owner: postgres
--

CREATE INDEX users_profile_document_number_2c985ffd_like ON public.users_profile USING btree (document_number varchar_pattern_ops);


--
-- TOC entry 4861 (class 2606 OID 24825)
-- Name: auth_group_permissions auth_group_permissio_permission_id_84c5c92e_fk_auth_perm; Type: FK CONSTRAINT; Schema: public; Owner: postgres
--

ALTER TABLE ONLY public.auth_group_permissions
    ADD CONSTRAINT auth_group_permissio_permission_id_84c5c92e_fk_auth_perm FOREIGN KEY (permission_id) REFERENCES public.auth_permission(id) DEFERRABLE INITIALLY DEFERRED;


--
-- TOC entry 4862 (class 2606 OID 24820)
-- Name: auth_group_permissions auth_group_permissions_group_id_b120cbf9_fk_auth_group_id; Type: FK CONSTRAINT; Schema: public; Owner: postgres
--

ALTER TABLE ONLY public.auth_group_permissions
    ADD CONSTRAINT auth_group_permissions_group_id_b120cbf9_fk_auth_group_id FOREIGN KEY (group_id) REFERENCES public.auth_group(id) DEFERRABLE INITIALLY DEFERRED;


--
-- TOC entry 4860 (class 2606 OID 24811)
-- Name: auth_permission auth_permission_content_type_id_2f476e4b_fk_django_co; Type: FK CONSTRAINT; Schema: public; Owner: postgres
--

ALTER TABLE ONLY public.auth_permission
    ADD CONSTRAINT auth_permission_content_type_id_2f476e4b_fk_django_co FOREIGN KEY (content_type_id) REFERENCES public.django_content_type(id) DEFERRABLE INITIALLY DEFERRED;


--
-- TOC entry 4863 (class 2606 OID 24840)
-- Name: auth_user_groups auth_user_groups_group_id_97559544_fk_auth_group_id; Type: FK CONSTRAINT; Schema: public; Owner: postgres
--

ALTER TABLE ONLY public.auth_user_groups
    ADD CONSTRAINT auth_user_groups_group_id_97559544_fk_auth_group_id FOREIGN KEY (group_id) REFERENCES public.auth_group(id) DEFERRABLE INITIALLY DEFERRED;


--
-- TOC entry 4864 (class 2606 OID 24835)
-- Name: auth_user_groups auth_user_groups_user_id_6a12ed8b_fk_auth_user_id; Type: FK CONSTRAINT; Schema: public; Owner: postgres
--

ALTER TABLE ONLY public.auth_user_groups
    ADD CONSTRAINT auth_user_groups_user_id_6a12ed8b_fk_auth_user_id FOREIGN KEY (user_id) REFERENCES public.auth_user(id) DEFERRABLE INITIALLY DEFERRED;


--
-- TOC entry 4865 (class 2606 OID 24854)
-- Name: auth_user_user_permissions auth_user_user_permi_permission_id_1fbb5f2c_fk_auth_perm; Type: FK CONSTRAINT; Schema: public; Owner: postgres
--

ALTER TABLE ONLY public.auth_user_user_permissions
    ADD CONSTRAINT auth_user_user_permi_permission_id_1fbb5f2c_fk_auth_perm FOREIGN KEY (permission_id) REFERENCES public.auth_permission(id) DEFERRABLE INITIALLY DEFERRED;


--
-- TOC entry 4866 (class 2606 OID 24849)
-- Name: auth_user_user_permissions auth_user_user_permissions_user_id_a95ead1b_fk_auth_user_id; Type: FK CONSTRAINT; Schema: public; Owner: postgres
--

ALTER TABLE ONLY public.auth_user_user_permissions
    ADD CONSTRAINT auth_user_user_permissions_user_id_a95ead1b_fk_auth_user_id FOREIGN KEY (user_id) REFERENCES public.auth_user(id) DEFERRABLE INITIALLY DEFERRED;


--
-- TOC entry 4867 (class 2606 OID 24870)
-- Name: django_admin_log django_admin_log_content_type_id_c4bce8eb_fk_django_co; Type: FK CONSTRAINT; Schema: public; Owner: postgres
--

ALTER TABLE ONLY public.django_admin_log
    ADD CONSTRAINT django_admin_log_content_type_id_c4bce8eb_fk_django_co FOREIGN KEY (content_type_id) REFERENCES public.django_content_type(id) DEFERRABLE INITIALLY DEFERRED;


--
-- TOC entry 4868 (class 2606 OID 24875)
-- Name: django_admin_log django_admin_log_user_id_c564eba6_fk_auth_user_id; Type: FK CONSTRAINT; Schema: public; Owner: postgres
--

ALTER TABLE ONLY public.django_admin_log
    ADD CONSTRAINT django_admin_log_user_id_c564eba6_fk_auth_user_id FOREIGN KEY (user_id) REFERENCES public.auth_user(id) DEFERRABLE INITIALLY DEFERRED;


--
-- TOC entry 4869 (class 2606 OID 33127)
-- Name: users_profile users_profile_user_id_2112e78d_fk_auth_user_id; Type: FK CONSTRAINT; Schema: public; Owner: postgres
--

ALTER TABLE ONLY public.users_profile
    ADD CONSTRAINT users_profile_user_id_2112e78d_fk_auth_user_id FOREIGN KEY (user_id) REFERENCES public.auth_user(id) DEFERRABLE INITIALLY DEFERRED;


-- Completed on 2025-04-18 16:44:44

--
-- PostgreSQL database dump complete
--

